product_id,category,brand,model,price_usd,currency,market,condition,seller,availability,stock_quantity,shipping_cost_usd,delivery_days_min,delivery_days_max,return_window_days,warranty_months,rating_average,review_count,color,ram_gb,storage_gb,processor,operating_system,screen_inches,display_resolution,battery_hours,battery_test_basis,weight_kg,connectivity,ports,noise_cancellation,water_resistance,included_accessories,intended_use,snapshot_date,data_origin
SYN-001,Laptop,Avenlo,Study 14,$399.99,USD,US,new,Sample Electronics Store,in_stock,12,$5.99,2,5,30,12,3.7,24,Silver,8,256,Avenlo A2,StudyOS 3,14,1920x1080,10,mixed light use at 50% brightness; Wi-Fi on,1.4,Wi-Fi;Bluetooth,USB-C;USB-A;HDMI;3.5mm audio,,none,power adapter,school;web browsing,2026-09-30,synthetic
SYN-002,Laptop,Avenlo,Study 15,$499.99,USD,US,new,Sample Electronics Store,in_stock,15,$0.00,2,5,30,12,3.9,41,Black,16,512,Avenlo A3,StudyOS 3,15.6,1920x1080,8,mixed light use at 50% brightness; Wi-Fi on,1.8,Wi-Fi;Bluetooth,USB-C;USB-A;HDMI;3.5mm audio,,none,power adapter,school;office work,2026-09-30,synthetic
SYN-003,Laptop,Brivex,Travel 13,$699.99,USD,US,new,Sample Electronics Store,in_stock,18,$0.00,2,5,30,12,4.1,58,Blue,16,512,Brivex B4,WorkOS 5,13.3,2560x1600,14,mixed light use at 50% brightness; Wi-Fi on,1.1,Wi-Fi;Bluetooth,USB-C;USB-A;HDMI;3.5mm audio,,none,power adapter,travel;office work,2026-09-30,synthetic
SYN-004,Laptop,Brivex,Creator 16,$1199.99,USD,US,new,Sample Electronics Store,out_of_stock,0,$5.99,,,30,12,4.3,75,Gray,32,1024,Brivex B8,WorkOS 5,16,2560x1600,7,mixed light use at 50% brightness; Wi-Fi on,2.1,Wi-Fi;Bluetooth,USB-C;USB-A;HDMI;3.5mm audio,,none,power adapter,content creation,2026-09-30,synthetic
SYN-005,Laptop,Celdora,Play 15,$899.99,USD,US,refurbished,Sample Electronics Store,in_stock,24,$0.00,2,5,30,6,4.5,92,Silver,16,512,Celdora C6,WorkOS 5,15.6,1920x1080,5,mixed light use at 50% brightness; Wi-Fi on,2.3,Wi-Fi;Bluetooth,USB-C;USB-A;HDMI;3.5mm audio,,none,power adapter,casual gaming,2026-09-30,synthetic
SYN-006,Smartphone,Dovari,Pocket 6,$199.99,USD,US,new,Sample Electronics Store,in_stock,27,$0.00,2,5,30,12,4.7,109,Black,4,64,Dovari D1,PocketOS 4,6.1,1560x720,16,mixed light use at 50% brightness; Wi-Fi on,0.18,Wi-Fi;Bluetooth;5G,USB-C,,none,USB-C cable;power adapter,calls;messaging,2026-09-30,synthetic
SYN-007,Smartphone,Dovari,Pocket Plus,$349.99,USD,US,new,Sample Electronics Store,in_stock,30,$5.99,2,5,30,12,4.9,126,Blue,8,128,Dovari D3,PocketOS 4,6.5,2400x1080,20,mixed light use at 50% brightness; Wi-Fi on,0.2,Wi-Fi;Bluetooth;5G,USB-C,,none,USB-C cable;power adapter,daily use;photos,2026-09-30,synthetic
SYN-008,Smartphone,Elnivo,Lens 7,$599.99,USD,US,new,Sample Electronics Store,in_stock,33,$0.00,2,5,30,12,3.7,143,Gray,8,256,Elnivo E5,MobileOS 6,6.3,2400x1080,18,mixed light use at 50% brightness; Wi-Fi on,0.19,Wi-Fi;Bluetooth;5G,USB-C,,IP68,USB-C cable;power adapter,photos;travel,2026-09-30,synthetic
SYN-009,Smartphone,Elnivo,Lens Pro,$899.99,USD,US,new,Sample Electronics Store,in_stock,36,$0.00,2,5,30,12,3.9,160,Silver,12,512,Elnivo E7,MobileOS 6,6.7,3200x1440,22,mixed light use at 50% brightness; Wi-Fi on,0.22,Wi-Fi;Bluetooth;5G,USB-C,,IP68,USB-C cable;power adapter,photos;video,2026-09-30,synthetic
SYN-010,Smartphone,Foventa,Compact 5,$299.99,USD,US,new,Sample Electronics Store,in_stock,39,$5.99,2,5,30,12,4.1,177,Black,6,128,Foventa F2,PocketOS 4,5.8,2160x1080,15,mixed light use at 50% brightness; Wi-Fi on,0.16,Wi-Fi;Bluetooth;5G,USB-C,,none,USB-C cable;power adapter,compact daily use,2026-09-30,synthetic
SYN-011,Tablet,Gavero,Read 8,$129.99,USD,US,new,Sample Electronics Store,in_stock,42,$0.00,2,5,30,12,4.3,194,Blue,3,32,Gavero G1,SlateOS 2,8,1280x800,10,mixed light use at 50% brightness; Wi-Fi on,0.32,Wi-Fi;Bluetooth,USB-C,,none,USB-C cable;power adapter,reading;video,2026-09-30,synthetic
SYN-012,Tablet,Gavero,Learn 10,$249.99,USD,US,new,Sample Electronics Store,in_stock,45,$0.00,2,5,30,12,4.5,211,Gray,4,64,Gavero G2,SlateOS 2,10.1,1920x1200,12,mixed light use at 50% brightness; Wi-Fi on,0.46,Wi-Fi;Bluetooth,USB-C,,none,USB-C cable;power adapter,school;video,2026-09-30,synthetic
SYN-013,Tablet,Hivora,Sketch 11,$449.99,USD,US,new,Sample Electronics Store,in_stock,48,$5.99,2,5,30,12,4.7,228,Silver,8,128,Hivora H4,SlateOS 2,11,2560x1600,11,mixed light use at 50% brightness; Wi-Fi on,0.5,Wi-Fi;Bluetooth,USB-C,,none,USB-C cable;power adapter;stylus,drawing;notes,2026-09-30,synthetic
SYN-014,Tablet,Hivora,Studio 12,$799.99,USD,US,new,Sample Electronics Store,preorder,0,$0.00,,,30,12,4.9,245,Black,12,256,Hivora H6,CanvasOS 3,12.4,2800x1752,13,mixed light use at 50% brightness; Wi-Fi on,0.62,Wi-Fi;Bluetooth,USB-C,,none,USB-C cable;power adapter;stylus,drawing;office work,2026-09-30,synthetic
SYN-015,Tablet,Iverlo,Travel 9,$329.99,USD,US,new,Sample Electronics Store,in_stock,54,$0.00,2,5,30,12,3.7,262,Blue,6,128,Iverlo I3,SlateOS 2,9,1920x1200,14,mixed light use at 50% brightness; Wi-Fi on,0.38,Wi-Fi;Bluetooth;4G LTE,USB-C,,none,USB-C cable;power adapter,travel;reading,2026-09-30,synthetic
SYN-016,Headphones,Jovira,Buds Lite,$39.99,USD,US,new,Sample Electronics Store,in_stock,57,$5.99,2,5,30,12,3.9,279,Gray,,,,,,,6,"continuous audio playback at 50% volume; ANC off; earbuds only, excludes case",0.045,Bluetooth,USB-C charging,FALSE,IPX4,USB-C cable;charging case,calls;commuting,2026-09-30,synthetic
SYN-017,Headphones,Jovira,Buds Quiet,$89.99,USD,US,new,Sample Electronics Store,in_stock,60,$0.00,2,5,30,12,4.1,296,Silver,,,,,,,7,"continuous audio playback at 50% volume; ANC off; earbuds only, excludes case",0.05,Bluetooth,USB-C charging,TRUE,IPX4,USB-C cable;charging case,commuting,2026-09-30,synthetic
SYN-018,Headphones,Keldavo,Over Quiet,$149.99,USD,US,new,Sample Electronics Store,in_stock,63,$0.00,2,5,30,12,4.3,313,Black,,,,,,,35,"continuous audio playback at 50% volume; ANC off; earbuds only, excludes case",0.26,Bluetooth,USB-C charging,TRUE,none,USB-C cable,travel;office,2026-09-30,synthetic
SYN-019,Headphones,Keldavo,Studio Wire,$79.99,USD,US,new,Sample Electronics Store,in_stock,66,$5.99,2,5,30,12,4.5,330,Blue,,,,,,,,not_applicable_wired,0.29,wired,3.5mm audio,FALSE,none,audio cable,home audio,2026-09-30,synthetic
SYN-020,Headphones,Lunvero,Sport Buds,$59.99,USD,US,new,Sample Electronics Store,in_stock,69,$0.00,2,5,30,12,4.7,347,Gray,,,,,,,8,"continuous audio playback at 50% volume; ANC off; earbuds only, excludes case",0.04,Bluetooth,USB-C charging,FALSE,IPX5,USB-C cable;charging case,exercise;calls,2026-09-30,synthetic
